quote,url
Papers should include more good news.,https://captionsbest.blogspot.com/2016/01/congratulations-to-lynn-and-tavit.html
Work can be fun.,https://captionsbest.blogspot.com/2016/01/enjoying-teaching-and-tutoring.html
Enjoy each new day.,https://captionsbest.blogspot.com/2015/12/happy-2016.html
Enjoy each day and don't worry about tomorrow.,https://captionsbest.blogspot.com/2015/12/happy-holidays-to-all.html
At times my computer is a pain.,https://captionsbest.blogspot.com/2015/12/computers-can-be-frustrating.html
Teachers learn from students.,https://captionsbest.blogspot.com/2015/11/new-student-today.html
Moving is a lot of work.,https://captionsbest.blogspot.com/2015/11/teaching-again-and-enjoying-fl.html
"Fall is fun, but winter is too cold up north. Fly south with the birds. They know best.",https://captionsbest.blogspot.com/2015/11/relocating-soon.html
Fun hats make people say Hi!,https://captionsbest.blogspot.com/2015/10/my-hat-is-hit-in-newport.html
Medicine has come a long way.,https://captionsbest.blogspot.com/2015/10/it-is-getting-cold-in-new-england.html
You never know the weather in New England,https://captionsbest.blogspot.com/2015/10/wonderful-time-to-swim.html
"Before surgery, interview your surgeon",https://captionsbest.blogspot.com/2015/10/back-to-blog.html
Sometimes it pays to just go to the office and wait. Otherwise they will not see you.,https://captionsbest.blogspot.com/2015/09/stomach-issues.html
"Surgery is not fun, but needed.",https://captionsbest.blogspot.com/2015/08/teaching-is-done-at-libraries.html
"If you need someone to fix things, you can find people to help at Home Depot.",https://captionsbest.blogspot.com/2015/08/summer-is-going-quickly.html
Swim your pains away.,https://captionsbest.blogspot.com/2015/07/writing-class-ended-today.html
Tell your body to behave!,https://captionsbest.blogspot.com/2015/07/a-medical-week.html
Interview your doctors. It pays off.,https://captionsbest.blogspot.com/2015/07/dealing-with-some-medical-issues.html
I am lucky to have a wonderful family.,https://captionsbest.blogspot.com/2015/06/great-time-with-family-and-friends.html
Take your time to find the right surgeon. You don't want a mistake.,https://captionsbest.blogspot.com/2015/06/interviewing-doctors-and-leaving-for.html
Do what you love and you will do it well.,https://captionsbest.blogspot.com/2015/06/fun-class.html
Time marches on and things do change.,https://captionsbest.blogspot.com/2015/06/a-trip-to-watch-hill.html
As you get older time flies.,https://captionsbest.blogspot.com/2015/06/back-online-with-google-chrome.html
I think it is good that fathers are now more involved in the child care.,https://captionsbest.blogspot.com/2015/06/happy-fathers-day-to-all-dads.html
"If you can't succeed, keep trying till you can!",https://captionsbest.blogspot.com/2015/06/i-just-found-site-that-works.html
AOL needs help.,https://captionsbest.blogspot.com/2015/05/computer-problems-with-aol-e-mail.html
We are taking the sun to Rhode Island,https://captionsbest.blogspot.com/2015/05/getting-ready-to-relocate.html
It is fun to tutor.,https://captionsbest.blogspot.com/2015/05/fun-tutoring-today.html
Keeping in touch with friends is important.,https://captionsbest.blogspot.com/2015/04/lunch-with-movie-club.html
If you are a senior try our senior center. They offer lots of good courses.,https://captionsbest.blogspot.com/2015/04/it-is-hot-in-florida-now.html
Florida winter camp is nearly over. Back to reality soon.,https://captionsbest.blogspot.com/2015/04/folds-are-leaving-florida.html
The stock market can be a roller coaster ride.,https://captionsbest.blogspot.com/2015/04/wow-market-took-real-hit-today.html
Good weather makes you feel better.,https://captionsbest.blogspot.com/2015/04/it-is-getting-hot-in-florida.html
"Enjoy your company, but pace yourself with them.",https://captionsbest.blogspot.com/2015/04/nice-class-today.html
Life can change each day. We need to be flexible and adapt.,https://captionsbest.blogspot.com/2015/03/every-day-is-new-adventure.html
Some days do not go smoothly.,https://captionsbest.blogspot.com/2015/03/comoputers-are-frustrating.html
"What did we do when we did not have computers? Answer , We had time for other activities.",https://captionsbest.blogspot.com/2015/03/computers-are-great-when-they-work.html
Many of the banks needs help. They forgot about the customers' needs.,https://captionsbest.blogspot.com/2015/03/confusing-day-with-wells-fargo-bank.html
"Enjoy your job otherwise, find one you like.",https://captionsbest.blogspot.com/2015/03/delightfull-student-today.html
Reading can take you anywhere you want to go. You never have to leave your chair.,https://captionsbest.blogspot.com/2015/03/saturday-teaching-day.html
Enjoy your work. Pick something you like to do. Why not?,https://captionsbest.blogspot.com/2015/03/my-computer-works-again.html
Junk shops often have good stuff.,https://captionsbest.blogspot.com/2015/02/fun-at-good-will.html
You have to be flexible in this life to adjust to what takes place.,https://captionsbest.blogspot.com/2015/02/fun-student-day.html
I am glad not to be in the snow.,https://captionsbest.blogspot.com/2015/02/company-from-rhode-island.html
Enjoy your work. Why not! I love my teaching,https://captionsbest.blogspot.com/2015/02/teahing-new-students-is-fun.html
I am lucky to love teaching.,https://captionsbest.blogspot.com/2015/02/fun-students.html
"I do not miss the snow , ice and cold weather.",https://captionsbest.blogspot.com/2015/02/teaching-and-nice-weekend.html
Currency exchange is interesting. Watch it!,https://captionsbest.blogspot.com/2015/01/good-time-to-buy-canadian-dollars.html
You have to take care of the body. It is the only one you have.,https://captionsbest.blogspot.com/2015/01/a-good-day.html
Keeping active is keeping young.,https://captionsbest.blogspot.com/2015/01/a-great-weekend-with-family.html
Never stop learning. There is so much to learn about that you do not know. Happy 2015,https://captionsbest.blogspot.com/2015/01/busy-week.html
The library system in the United States is one of the best examples of aa democarcy in actioin.,https://captionsbest.blogspot.com/2015/01/cold-crisp-florida-day.html
Physical Therapy is a great field for young people to get into. There will always be a job.,https://captionsbest.blogspot.com/2015/01/fun-friday.html
Don't let life pass you by. Happy 2015. Enjoy each day and appreciate the beauty in life.,https://captionsbest.blogspot.com/2015/01/jan-1-2015.html
"We are lucky to be alive and well. Thanks to all for being special. Fondly, Nancy",https://captionsbest.blogspot.com/2014/12/happy-holidays-to-all.html
People are too busy today. Young people need to take more time and value friends and famiily more. In life family and friends are very important. Don't ignore them. You will regret it later.,https://captionsbest.blogspot.com/2014/12/retruned-from-tampa.html
Things were simpler before appliances controlled our lives.,https://captionsbest.blogspot.com/2014/11/getting-appliances-repaired.html
Returning is always an adventure.,https://captionsbest.blogspot.com/2014/11/back-in-naples-and-got-things-fixed.html
I am my dentist's pension plan.,https://captionsbest.blogspot.com/2014/11/we-relocate-this-week-tomorrow-dentist.html
You can have friends all over.the place.Why not?,https://captionsbest.blogspot.com/2014/10/finishing-medical-stuff.html
You can lost patience with your computer.,https://captionsbest.blogspot.com/2014/10/problems-posting-new-titles.html
Have fun with your thoughts! No charge.,https://captionsbest.blogspot.com/2014/10/fun-in-writing-class.html
Read your statements. You never know what you will see.,https://captionsbest.blogspot.com/2014/10/check-your-statements.html
Do what you enjoy and you will be good at it.,https://captionsbest.blogspot.com/2014/10/new-instant-chord-maker.html
So many families have problems.,https://captionsbest.blogspot.com/2014/10/two-music-students-arrive.html
What will happen at the happening? I will let you know!,https://captionsbest.blogspot.com/2014/10/kitchen-update.html
Senior Centers provide a really good service with lunch and interesting courses.,https://captionsbest.blogspot.com/2014/10/good-lunch-at-senior-center.html
Try something new. Why not!,https://captionsbest.blogspot.com/2014/10/doing-music-program.html
Classes are fun . You meet many nice people.,https://captionsbest.blogspot.com/2014/10/thursday-writing-class.html
You never know what a new day will bring.,https://captionsbest.blogspot.com/2014/09/wonderful-writing-class.html
Appreciate your family. You are lucky to have loved ones.,https://captionsbest.blogspot.com/2014/09/wonderful-family-party.html
"Enjoy the fall weather, it is a lovely time of year.",https://captionsbest.blogspot.com/2014/09/female-plumber-arrived.html
When you have a house there is always something that needs help.,https://captionsbest.blogspot.com/2014/09/painting-and-walk.html
It is fun to try out new programs.,https://captionsbest.blogspot.com/2014/09/new-class-today-at-different-library.html
The good part of art is you can do whatever you feel like.,https://captionsbest.blogspot.com/2014/09/painted-zany-picture.html
Fall in the north can be lovely.,https://captionsbest.blogspot.com/2014/09/apple-picking-today.html
Libraries offer great programs1,https://captionsbest.blogspot.com/2014/09/my-classes-at-two-libraries-are-now-full.html
They are supposed to compensate me for my waiting time. We will see if it happens.,https://captionsbest.blogspot.com/2014/09/waiting-for-home-service.html
Writing pays off!,https://captionsbest.blogspot.com/2014/09/it-pays-to-dispute-bill.html
Most dogs have a great lifestyle. Better than some people.,https://captionsbest.blogspot.com/2014/09/rupert-does-new-trick.html
Enjoy a nice surprise!,https://captionsbest.blogspot.com/2014/08/richard-and-betsys-resort.html
Do what you enjoy. It will work and be a hit!,https://captionsbest.blogspot.com/2014/08/wonderful-library-program.html
I love to do teaching programs.,https://captionsbest.blogspot.com/2014/08/over-11000-hits-on-blog.html
I am learning about playing my uke for others.,https://captionsbest.blogspot.com/2014/08/uke-concert-at-senior-center.html
Love my uke lessons with my talented daughter.,https://captionsbest.blogspot.com/2014/08/good-uke-lesson-and-banking-day.html
"My teeth are my diamonds. I don't have any jewels, all my money is in my mouth.",https://captionsbest.blogspot.com/2014/08/surgery-is-over-hooray.html
"Even though we do not use the beach , seeing the ocean is delightful.",https://captionsbest.blogspot.com/2014/08/catching-up.html
I love my mother /daughter trips!,https://captionsbest.blogspot.com/2014/08/wonderful-chicago-visit.html
"Libraries offer wonderful programs, free!",https://captionsbest.blogspot.com/2014/07/booked-dental-surgery.html
I just got booked to play the uke--My new hobby.,https://captionsbest.blogspot.com/2014/07/new-numbers-10920-have-seen-this-blog.html
"My kids are grown up, but my teeth seem to keep me busy. Take care of your teeth.",https://captionsbest.blogspot.com/2014/07/dental-problems-can-keep-me-busy.html
Take advantage of your library free programs.,https://captionsbest.blogspot.com/2014/07/working-on-teeth-seminars-and-writing.html
Try something new.,https://captionsbest.blogspot.com/2014/07/learning-to-play-uke.html
Try something new. Why not!,https://captionsbest.blogspot.com/2014/07/a-uke-presentation.html
I still love to do programs and teach. Why not!,https://captionsbest.blogspot.com/2014/07/hearing-workshop.html
We are lucky to have a great family.,https://captionsbest.blogspot.com/2014/07/wonderful-family-outing-with-krims.html
That is the fun part of teaching. You meet such nice students.,https://captionsbest.blogspot.com/2014/07/fun-interview-with-former-student.html
It really is a small world,https://captionsbest.blogspot.com/2014/07/writing-class-exercise-and-even-dentist.html
It is good for your brain to try to learn something brand new. A challenge!,https://captionsbest.blogspot.com/2014/07/fun-uke-class.html
Everyone needs a daughter!,https://captionsbest.blogspot.com/2014/07/my-second-uke-lesson.html
It takes work and concentration to learn a new insturment.,https://captionsbest.blogspot.com/2014/07/learning-uke.html
Change the holiday dates if you have to.,https://captionsbest.blogspot.com/2014/07/booked-family-party.html
Grand dogs can be lots of fun. Like grandchildren they visit and the parents have the rest of the work. Fun!,https://captionsbest.blogspot.com/2014/06/exercise.html
Gemini's can do lots of things and then they need a nap. Dentists today can do miracles.,https://captionsbest.blogspot.com/2014/06/writing-class-and-dentist-day.html
Start all over if you have to. You can't learn in a day. You need to understand the instrument.,https://captionsbest.blogspot.com/2014/06/my-uke-needs-help.html
Never stop learning.,https://captionsbest.blogspot.com/2014/06/new-uke-bought-today.html
Love to hear from new friends online. Send me a message.,https://captionsbest.blogspot.com/2014/06/learning-about-ukes.html
It is nice to see groups get together just for fun.,https://captionsbest.blogspot.com/2014/06/wonderful-uke-program.html
"Take care of your body, it is the only one you will get.",https://captionsbest.blogspot.com/2014/06/rainy-medical-day.html
All grandchildren are fun even dogs. Rupert likes to visit.,https://captionsbest.blogspot.com/2014/06/medical-day-and-rupert-visit.html
It is fun to reconnect with family up north.,https://captionsbest.blogspot.com/2014/06/birthday-lunch.html
Go to the best place where you like the medical staff. Why not!,https://captionsbest.blogspot.com/2014/06/lahey-visit.html
Family is very important!,https://captionsbest.blogspot.com/2014/06/wonderful-family-weekend.html
As you get older each week often has a medical apt. At least we can try to patch up our bodies.,https://captionsbest.blogspot.com/2014/06/medical-day.html
I love taking job interviews. Fun!,https://captionsbest.blogspot.com/2014/06/nice-visit-with-college-friends.html
Enjoy every day not just your birthday.,https://captionsbest.blogspot.com/2014/06/wonderful-birthday.html
Getting older can include getting better.,https://captionsbest.blogspot.com/2014/06/nice-early-birthday-day.html
"Relocating is fun, but it takes some adjustments.",https://captionsbest.blogspot.com/2014/05/boy-it-is-cold.html
Joining new groups lead to new options.,https://captionsbest.blogspot.com/2014/05/interesting-day-today.html
Death can be painful for the patient and the family.,https://captionsbest.blogspot.com/2014/05/familiy-time.html
Research pays off.,
All the seniors are in Winter Camp. Now it is time to go home.,https://captionsbest.blogspot.com/2014/05/getting-closer-to-leaving.html
We all need people to help us along the way.,https://captionsbest.blogspot.com/2014/04/a-wonderful-teaching-day.html
You really have to follow up what the bank is posting. Don't assume it is accurate.,https://captionsbest.blogspot.com/2014/04/working-on-getting-ready-to-relocate.html
What a surprise to learn that the ruby red slippers were actually silver not red.,https://captionsbest.blogspot.com/2014/04/fun-class-with-my-student-today.html
Snow is for the Eskimos and Sarah Palin,https://captionsbest.blogspot.com/2014/04/social-time-in-florida.html
Teaching is fun with nice students. Hope the new skin cream heals a problem.,https://captionsbest.blogspot.com/2014/04/zipper-club-meeting.html
Going to the doctors office works better than phone calls.,https://captionsbest.blogspot.com/2014/04/medical-day-again.html
Make time for your family. Nothing is more important!,https://captionsbest.blogspot.com/2014/04/wonderful-motherdaughter-time.html
Time to get ready to go north. Hope the weather gets warmer there.,https://captionsbest.blogspot.com/2014/04/getting-things-updated.html
We all need a break!,https://captionsbest.blogspot.com/2014/04/nice-overnight-trip.html
Network!,https://captionsbest.blogspot.com/2014/04/new-driver-hired-tonight.html
If you need something ask for it!,https://captionsbest.blogspot.com/2014/04/one-day-at-time.html
"When your invited guests do not arrive, time to go to the movies. PS How do you delete comments from the blog?",https://captionsbest.blogspot.com/2014/03/no-guests-arrive.html
I was glued together last summer after an accident. It beats having stitiches.,https://captionsbest.blogspot.com/2014/03/meeting-of-zipper-club.html
You need to ask for what you want.,https://captionsbest.blogspot.com/2014/03/bank-proposals.html
"Take a break ,you may need it too!",https://captionsbest.blogspot.com/2014/03/nice-getaway.html
"If you want to find new jobs, you have to market yourself.",https://captionsbest.blogspot.com/2014/03/library-proposals.html
Aging is not always easy.,https://captionsbest.blogspot.com/2014/03/saw-movie-nebraska.html
It is nice to see a patient get well.,https://captionsbest.blogspot.com/2014/03/thinggs-are-getting-better.html
You have to be lucky with your health. Cherish it!,https://captionsbest.blogspot.com/2014/03/things-are-improving.html
Sometimes it is good when things slow down.,https://captionsbest.blogspot.com/2014/03/a-quiet-class-no-students.html
Mother Nature takes her time to heal.,https://captionsbest.blogspot.com/2014/03/company-today.html
Make some time for fun things in your day.,https://captionsbest.blogspot.com/2014/02/where-did-month-go.html
Everyone needs a break!,https://captionsbest.blogspot.com/2014/02/an-overnight-getawau.html
"If you do what you enjoy it is not work. I do not enjoy driving, it is work.",https://captionsbest.blogspot.com/2014/02/lovely-florida-weather.html
Appreicate your good health.,https://captionsbest.blogspot.com/2014/02/an-exhausting-time.html
Life can be complicated.,https://captionsbest.blogspot.com/2014/01/surgery-is-done-now-it-is-time-to-heal.html
Time Out!,https://captionsbest.blogspot.com/2014/01/facing-major-sugery-is-no-picnic.html
Life can be tough at times.,https://captionsbest.blogspot.com/2014/01/teaching-today-break-from-medical-issues.html
I am hanging by a thread.,https://captionsbest.blogspot.com/2014/01/tough-times-right-now.html
This too will pass. I hope!,https://captionsbest.blogspot.com/2014/01/computer-and-medical-problems.html
As you get older the body requires a lot of repair work.,https://captionsbest.blogspot.com/2014/01/dentist-today.html
No fun being sick.,https://captionsbest.blogspot.com/2014/01/feeling-better.html
Staying well is a trick.,https://captionsbest.blogspot.com/2014/01/more-medical-apts.html
There are lots of stupid people in the world. Too bad you can't fix stupid.,https://captionsbest.blogspot.com/2014/01/still-working-on-shaking-cold.html
Some things are tougher than others to handle. Health issues are up there as tough problems.,https://captionsbest.blogspot.com/2014/01/dealing-with-health-issues-is-not.html
In my next life should I be a doctor???? No way! They gave me very costly medicine that tastes vile for $175. My insruance did not cover the medicine. They should pay me for taking the stuff. Happy 2014.,https://captionsbest.blogspot.com/2014/01/a-six-hour-wait-at-walk-in-clinic.html
Travel if you have to and get the best medical advice. It will pay off.,https://captionsbest.blogspot.com/2014/01/lahey-clinic-is-just-great.html
"Medical issues are not fun , but sometimes you have no choice. Happy Holidays.",https://captionsbest.blogspot.com/2013/12/a-confusing-week.html
Sometimes you have to take risks and hope they work.,https://captionsbest.blogspot.com/2013/12/medical-week.html
You have to decide what risks you are willing to take. Listen to your body. As we age it takes more listening.,https://captionsbest.blogspot.com/2013/12/nice-students.html
Enjoy family visits.,https://captionsbest.blogspot.com/2013/12/fun-time-with-family.html
Every day is a new adventure.,https://captionsbest.blogspot.com/2013/11/new-computer-is-learning-situation.html
Enjoy the holidays and don't get too tired. Take lots of naps. They really help.,https://captionsbest.blogspot.com/2013/11/happy-thanksgiving-to-everyone.html
Let's go back to pencil and paper.,https://captionsbest.blogspot.com/2013/11/new-computer.html
Every day has new challenges.,https://captionsbest.blogspot.com/2013/11/a-new-computer.html
There is power in the pen and in the computer. Writing makes good sense.,https://captionsbest.blogspot.com/2013/10/letter-writintg.html
Be lucky with your family if possible. I have been lucky.,https://captionsbest.blogspot.com/2013/10/fun-lunch-with-friends.html
You have to find the right doctors. That takes some doing!,https://captionsbest.blogspot.com/2013/10/a-full-medical-day.html
I applaud Lahey Clinic. They are just great.,https://captionsbest.blogspot.com/2013/10/lahey-clinic-is-fabulous.html
Senior Centers serve a useful purpose.,https://captionsbest.blogspot.com/2013/10/send-me-ideas-for-aging-gracefully.html
Pamper your body. I love massage!,https://captionsbest.blogspot.com/2013/10/send-your-ideas.html
Teaching can be lots of fun.,https://captionsbest.blogspot.com/2013/10/teaching-again-and-loving-it.html
Love to share happy times with my wonderful family.,https://captionsbest.blogspot.com/2013/10/great-family-party-and-wonderful-new.html
Seniors make excellent students. I love giving classes for them.,https://captionsbest.blogspot.com/2013/09/wonderful-lunch-with-my-daughter.html
You really appreciate your home after a tough trip.,https://captionsbest.blogspot.com/2013/09/senior-center-has-excellent-classes.html
If you live long enough amazing things do happen.!,https://captionsbest.blogspot.com/2013/09/dental-day.html
Life is a roller coaster and sometimes it is very rocky.Time does help to heal the body and the mind. I am not rushing back to Ca.,https://captionsbest.blogspot.com/2013/09/goodbye-ca_15.html
"I was lucky to get home safely and thank the medical folks for pasting me back together. I am bruised, but luckily nothing was broken. You have to be thankful . It could have been much worse.",https://captionsbest.blogspot.com/2013/09/medical-vacation.html
It is nice to share holidays with your family.,https://captionsbest.blogspot.com/2013/09/getting-ready-to-travel.html
It is fun to do new programs for different groups.,https://captionsbest.blogspot.com/2013/08/retirement-program-today.html
You never know what is around the corner.,https://captionsbest.blogspot.com/2013/08/new-way-to-type.html
Travel when you can. you always learn something new.,https://captionsbest.blogspot.com/2013/08/typing-on-new-site.html
"If you are not happy with your treatment plan, speak to the person in charge and make some changes. You are your best advocate.",https://captionsbest.blogspot.com/2013/08/typing-again-on-new-site-could-not-type.html
"Enjoy each day, even if the body needs more attention. Be happy we are still here!",https://captionsbest.blogspot.com/2013/07/new-european-blog-readers.html
Each new day is a new adventure. Enjoy what you do!,https://captionsbest.blogspot.com/2013/07/booked-our-trip-to-visit-family.html
Enjoy the beauty of the place you are in. Rhode Island is surrounded by the water. That makes parts of the state so beautiful.,https://captionsbest.blogspot.com/2013/07/exercise-day.html
"When you are in a heat wave, drink a lot and don't knock yourself out. It is not worth it.",https://captionsbest.blogspot.com/2013/07/low-key-day.html
"When it is too hot, forget exercising. It does not make good sense.",https://captionsbest.blogspot.com/2013/07/interesting-day.html
Getting the best deal takes some work. Patience is a must.,https://captionsbest.blogspot.com/2013/07/working-on-booking-flights.html
"There are times when being deaf with a cochlear implant is most pleasant. I can hear when I want , and I can stop hearing when I want. I have choices.",https://captionsbest.blogspot.com/2013/07/happy-to-type-again.html
Stay cool even in the heat.,https://captionsbest.blogspot.com/2013/07/what-pleasure.html
If you live long enough some problems get resolved. Time helps!,https://captionsbest.blogspot.com/2013/07/great-i-can-type-again.html
Glad to be back.,https://captionsbest.blogspot.com/2013/07/hope-my-blog-works.html
Life is not always fair!,https://captionsbest.blogspot.com/2013/07/enjoyed-family-party.html
Cooks do sometimes forget all the stuff in the oven.,https://captionsbest.blogspot.com/2013/07/fun-famlly-night.html
We are lucky when we can connect with our children.,https://captionsbest.blogspot.com/2013/07/july-4th.html
We love when we can connect with the family. I am lucky to have great kids and grandkids.,https://captionsbest.blogspot.com/2013/07/fun-day-with-massage-bridge-and-dinner.html
When you have a problem you have to hang in there and find the right person to help you out. This sometimes takes some time. Patience is a virtue!,https://captionsbest.blogspot.com/2013/06/wonderful-andrew.html
This too will pass.,
Paitence is a virtue . I could use some right now.,https://captionsbest.blogspot.com/2013/06/computers-can-be-pain_24.html
Family times are lots of fun.,https://captionsbest.blogspot.com/2013/06/enjoyable-time-with-family.html
Welcome! Glad to have new readers . Let me hear from you.,https://captionsbest.blogspot.com/2013/06/lots-of-new-visitors-to-my-blog.html
It is fun to meet new people.,https://captionsbest.blogspot.com/2013/06/my-library-program-is-getting-panelists.html
Things can complex when your communication systems just don't work. It can be most frustrating.,https://captionsbest.blogspot.com/2013/06/technology-can-be-pain.html
"Computers can drive you crazy. I do need it, but there are times I am ready to throw it out the window.",https://captionsbest.blogspot.com/2013/06/computers-can-be-pain.html
Things are too complex!,https://captionsbest.blogspot.com/2013/06/new-phone-is-confusing.html
With medical issues you should seek out the best doctors and best hosptials. In the long run it pays! Feeling well is a blessing.,https://captionsbest.blogspot.com/2013/06/interesting-week-at-lahey-clinic.html
Enjoy each day as if it was your bithday. Why not! Connect with family and friends for their birthday. People will be happy to hear from you. I was very happy to hear from many on Facebook. That is the plus of Facebook.,https://captionsbest.blogspot.com/2013/06/birthday-time-is-fun.html
Enjoy birthdays . Appreicate your birthday and remember others as well. They will be happy to hear from you.,https://captionsbest.blogspot.com/2013/06/nice-birthday-wishes.html
Appreiciate the scenery . Why not!,https://captionsbest.blogspot.com/2013/05/the-sun-is-back-and-nice-ride-to.html
At elegant places you pay for the view.,https://captionsbest.blogspot.com/2013/05/delightful-day-in-newport.html
All the doctors are our kids age now.,https://captionsbest.blogspot.com/2013/05/medical-appointments.html
It is always a treat to connect with family. Rufus is a dog with two personalities. A fun morning.,https://captionsbest.blogspot.com/2013/05/wonderful-morning-with-my-son-and.html
Lilvraries offer many free wonderful programs. Try them!,https://captionsbest.blogspot.com/2013/05/full-senior-center-day.html
Take care of your teeth. Fixing them is very costly.,https://captionsbest.blogspot.com/2013/05/line-dancing-lunch-and-dentist.html
If you have a good idea share it. You may find it will lead to a new job. I love getting new jobs.,https://captionsbest.blogspot.com/2013/05/working-on-new-places-to-teach.html
Relocating is Work!,https://captionsbest.blogspot.com/2013/05/relocating-took-most-of-week.html
"Try new things ,open up your life.",https://captionsbest.blogspot.com/2013/05/pickleball-is-fun.html
Networking is the key to getting jobs.,https://captionsbest.blogspot.com/2013/05/fancy-nancy-is-relocating.html
"It takes marketing to find new places to run programs. If you ask, they can say either yes or no. Why not ask!",https://captionsbest.blogspot.com/2013/05/new-places-to-teach.html
"You need to ask for what you need, otherwise you will never get it. There are lots of banks around, but moving is always a pain with investments accounts. Time will tell if they will find me a local rep. They want me to use someone far away. With hearing problems this does not work for me.",https://captionsbest.blogspot.com/2013/05/fancy-nancy-speaks-up-at-bank.html
Never too old to learn!,https://captionsbest.blogspot.com/2013/05/fancy-nancy-goofed.html
Every day is a new adventure. You have to learn to roll with the punches.,https://captionsbest.blogspot.com/2013/04/fancy-nancy-did-fun-program.html
You are lucky when you enjoy your job.,https://captionsbest.blogspot.com/2013/04/last-teaching-class-today.html
"If you don't ask the questions about rates, they will bill you the highest amount. The same applies for hotels and airlines. You may be entitled to discounts. Ask for them: Senior rates, AAA rates, Group Rates etc.",https://captionsbest.blogspot.com/2013/04/check-your-insurance-policy.html
Sometimes you have to dispute a payment when you feel that your insurance should be covering the cost. Insurance companies never want to pay.,https://captionsbest.blogspot.com/2013/04/charges-were-removed.html
You have to hang in there with a problem. Time gives answers.,https://captionsbest.blogspot.com/2013/04/teaching-and-working-out.html
If you don't try you know you won't win.,https://captionsbest.blogspot.com/2013/04/one-hour-on-phone-with-medicare.html
"If it is this tough to handle medical bills now, what will happen with the new Obamacare program? No one will understand what to do. They don't know now, so there certainly will be problems later as well.",https://captionsbest.blogspot.com/2013/04/dealing-with-medical-bills-not-easy.html
The wonderful part of teaching life story is what you learn from your students. I am lucky to be teaching that subject to others.,https://captionsbest.blogspot.com/2013/04/wonderful-student.html
"Life can be an new adventure each new day. Try something new, it is fun to do something different. I just tried pickleball. I like it.",https://captionsbest.blogspot.com/2013/04/comments-from-my-readers.html
"Somtimes you meet people from your area in a completely different location. Does this mean "" It is a very small world"". People in Florida are from all over the world. They all like warm weather in the winter.",https://captionsbest.blogspot.com/2013/04/lovely-luncheon-today.html
"Once the new medical Obama care enters the scene, no one will know how to bill or what we have to pay. Answer: Don't get sick.",https://captionsbest.blogspot.com/2013/04/errrand-day.html
It is fun to try something new.,https://captionsbest.blogspot.com/2013/04/pickelball-is-fun.html
It never hurts to ask if they need a speaker. Sometimes the answer is yes and you get the job. The worst that can happen is they say no. You need to ask for what you want in life. You may get it.,https://captionsbest.blogspot.com/2013/04/lucky-me.html
Sometimes you have to take a break!,https://captionsbest.blogspot.com/2013/03/beautiful-florida-weather-is-back.html
She is finding new muscles she never knew existed.,https://captionsbest.blogspot.com/2013/03/new-sport-for-fancy-nancy.html
"Seniors are supposed to be wise, but based on my oberservations they really do not know what they want for a place to live. I include myself in that group. We are selling and we have loads of confused seniors. Maybe we should go into the counseling business.",https://captionsbest.blogspot.com/2013/03/wonderful-weekend-with-family.html
Pick something you enjoy for work and it will be no work at all.,https://captionsbest.blogspot.com/2013/03/nice-class-and-seminar-today.html
Brokers can help you go Broke!,https://captionsbest.blogspot.com/2013/03/broker-issues-can-be-frustrating.html
Computers and programs are great when you know what to do.,https://captionsbest.blogspot.com/2013/03/comments-are-fun.html
Patience is a virtue.,https://captionsbest.blogspot.com/2013/03/car-captures-interest.html
Getting older bring new issues.,https://captionsbest.blogspot.com/2013/03/open-house.html
I think this package will sell.,https://captionsbest.blogspot.com/2013/03/a-gorgeous-day.html
Try new approaches to sell.,https://captionsbest.blogspot.com/2013/03/teaching-and-nice-nap.html
Nice to have a day off. It is work to have an Open House.,https://captionsbest.blogspot.com/2013/03/relaxing-day.html
"Real estate can keep you busy , but that does not mean you have buyers.",https://captionsbest.blogspot.com/2013/03/lots-of-lookers.html
For medical things find the best place.,https://captionsbest.blogspot.com/2013/03/lahey-clinic-trip-is-paying-off.html
Never give up!,https://captionsbest.blogspot.com/2013/03/new-game-pickleball.html
"It is amazing , we are the first one on the site. Try it!",https://captionsbest.blogspot.com/2013/03/a-simple-way.html
"You have to trust your doctors. When in doubt, get another opinion.",https://captionsbest.blogspot.com/2013/02/back-from-north.html
How can we talk to the weather? Not easily.,https://captionsbest.blogspot.com/2013/02/hope-we-can-fly-on-monday.html
"When it comes to medicine and medical advice, pick the best. It pays in the long run.",https://captionsbest.blogspot.com/2013/02/flying-north.html
Hope things get better soon.,https://captionsbest.blogspot.com/2013/02/poor-rhode-island.html
One day at a time. Each new day brings new information.,https://captionsbest.blogspot.com/2013/02/research-time-again.html
"If you paid nothing, don't complain.",https://captionsbest.blogspot.com/2013/02/got-free-tickets.html
It pays off to speak to the manager if you have a legitmate complaint.,https://captionsbest.blogspot.com/2013/01/saw-argo-for-second-time.html
"You have to hang in there, and then things do get better.",https://captionsbest.blogspot.com/2013/01/fun-teaching-and-progress-with-medical.html
"It pays to suggest ideas , they could pay off.",https://captionsbest.blogspot.com/2013/01/one-door-can-lead-to-another.html
Try new things . You never know where they will lead you.,https://captionsbest.blogspot.com/2013/01/a-nice-sunday.html
You won't have time to be bored. Your appointments will keep you busy.,https://captionsbest.blogspot.com/2013/01/more-interviews.html
Research pays off.,https://captionsbest.blogspot.com/2013/01/interviewing-can-take-time.html
Staying healthy is a full time job.,https://captionsbest.blogspot.com/2013/01/interviewing-doctors-and-brokers.html
"I don't have to wonder what to do with the time. Between interviewing brokers and doctors, that can keep me busy.",https://captionsbest.blogspot.com/2013/01/new-broker-names-arrived-today.html
Do not let your broker make you broke!,https://captionsbest.blogspot.com/2013/01/looking-for-new-broker.html
You never know what a new day will bring.,https://captionsbest.blogspot.com/2013/01/open-house-today-with-offer.html
Just because you are older does not mean that you should be put out to pasture.,https://captionsbest.blogspot.com/2012/12/older-actors-in-new-movies.html
"Shingles are only good for the roof, not for people.",https://captionsbest.blogspot.com/2012/12/shingles-shot-no-guarantee.html
You can be your own lawyer.,https://captionsbest.blogspot.com/2012/12/writing-to-top-person-works.html
Learn how to protect yourself in writing.,https://captionsbest.blogspot.com/2012/12/defending-your-rights.html
Reinventing yourself at any age is a plus!,https://captionsbest.blogspot.com/2012/12/adjusting-to-new-schedule.html
We only need one buyer with some money.,https://captionsbest.blogspot.com/2012/12/open-house-today.html
"Learn flexibility. Without it, you will break!",https://captionsbest.blogspot.com/2012/12/every-day-is-new-adventure.html
There are lots of good deals. You just have to search for them.,https://captionsbest.blogspot.com/2012/12/a-fun-weekend.html
Sometimes you have to be your own doctor.,https://captionsbest.blogspot.com/2012/12/making-progress.html
"It seems in life there is often a new problem. You don't have to look for problems, they just show up.",https://captionsbest.blogspot.com/2012/12/giving-priority-to-problems.html
Listen to your body. It will win.,https://captionsbest.blogspot.com/2012/11/broken-computer.html
Moving is a lot of work! Time to sell!,https://captionsbest.blogspot.com/2012/11/happy-holidays-enjoy.html
Make some of your gifts yourself and save money and save shopping.,https://captionsbest.blogspot.com/2012/11/finally-nicer-day-with-sun.html
Get out of New England in the winter.,https://captionsbest.blogspot.com/2012/11/new-england-weather.html
Sometimes you have to be lucky.,https://captionsbest.blogspot.com/2012/10/time-to-relocate-to-mass.html
We are now the seniors generation .,https://captionsbest.blogspot.com/2012/10/fun-bar-mitzvah.html
Getting ready to relocate.,https://captionsbest.blogspot.com/2012/10/fun-getting-published.html
Write what you feel and say it clearly. Good luck writing.,https://captionsbest.blogspot.com/2012/10/my-letter-was-published.html
Simple voting is not always simple. Especially for Florida voters.,https://captionsbest.blogspot.com/2012/10/will-my-vote-count.html
It pays to take out the postal insurance.,https://captionsbest.blogspot.com/2012/10/where-is-my-package.html
Networking is the name of the game.,https://captionsbest.blogspot.com/2012/10/argo-must-to-see.html
Reunions are times to realize how quickly time marches on.,https://captionsbest.blogspot.com/2012/10/class-reunion-and-apple-picking.html
Time to relocate to warmer weather.,https://captionsbest.blogspot.com/2012/10/rainy-windy-and-cold.html
Enjoy your family. That is improtant.,https://captionsbest.blogspot.com/2012/10/nice-company.html
After lots of rain it is always wonderful to see he sun again. Happy Times !,https://captionsbest.blogspot.com/2012/10/love-to-paint-pictures-for-my-grandkids.html
Anyone can sell their own property without a realtor.,https://captionsbest.blogspot.com/2012/09/3-more-hits-and-i-will-be-at-8000.html
No one is perfect.,https://captionsbest.blogspot.com/2012/09/forgetting-to-read-calendar.html
Today's generation is extreme casual.,https://captionsbest.blogspot.com/2012/09/happy-new-year.html
Travel if you must for health issues. Go to the best!,https://captionsbest.blogspot.com/2012/09/it-pays-to-go-to-lahey-clinic.html
Miracles do happen.,https://captionsbest.blogspot.com/2012/09/a-miracle.html
Find something you enjoy doing and keep doing it. It will keep you young and involved.,https://captionsbest.blogspot.com/2012/08/teaching-arthritis-class-and-fun-with.html
I am lucky to have a wonderful daughter.,https://captionsbest.blogspot.com/2012/08/wonderful-trip-with-daughter-lynn.html
There are many lovely people in thie world.,https://captionsbest.blogspot.com/2012/08/welcome-to-new-readers.html
Sometimes common sense takes some time.,https://captionsbest.blogspot.com/2012/08/common-sense-takes-time.html
Let's avoid the realtor.,https://captionsbest.blogspot.com/2012/08/hooray-i-did-it.html
Not all projects are fun.,https://captionsbest.blogspot.com/2012/08/nice-lunch-with-daugther.html
Some things take more time than you realizxe.,https://captionsbest.blogspot.com/2012/08/amazing-time-with-richard-and-friends.html
Every day is a new adventure.,https://captionsbest.blogspot.com/2012/08/nice-lunch-with-lynn.html
In sptie of problems we have to learn to try and try again. Persisitence does pay!,https://captionsbest.blogspot.com/2012/08/frustrated-fancy-nancy.html
Mondays are fundays.,https://captionsbest.blogspot.com/2012/08/need-to-discover-ways-to-correct-errors.html
Dumping old records will gieve m more shelf space. There is always too much stuff around the house.,https://captionsbest.blogspot.com/2012/08/socail-weekend.html
All seniors in my classes can have A plus . My students are 70 and up.,https://captionsbest.blogspot.com/2012/08/fun-lunch-swim-and-class.html
"When the rain comes with nice company, you don't mind the rain.",https://captionsbest.blogspot.com/2012/07/new-blogs-rules-can-confuse-writer.html
"Teaching can be lots of fun. This class is new to me, but who knows, I could have a new career.",https://captionsbest.blogspot.com/2012/07/arthritis-class-today.html
Classes are great for learning about new subjects.,https://captionsbest.blogspot.com/2012/07/good-guest-speaker-in-class.html
Sometimes a tough trip makes you appreciate your nice home.,https://captionsbest.blogspot.com/2012/07/fun-company-for-dinner.html
Writing is a wonderful emotionl release. Try it!,https://captionsbest.blogspot.com/2012/07/time-to-start-writing-another-snipetts.html
No one wants univited Bug Guests. Go Away!,https://captionsbest.blogspot.com/2012/07/bugs-go-away.html
Don't let the heat wear you out. Drink lots of water.,https://captionsbest.blogspot.com/2012/07/fun-class-at-library.html
Everyone needs a skin doctor now and in the future.,https://captionsbest.blogspot.com/2012/07/skin-doctor-special.html
"Marketing is the key to most projects n life. You can have a good idea, but others need to know about your ideas to promote them.",https://captionsbest.blogspot.com/2012/07/library-workshops-go-situation.html
You have to learn to adjust to circumstances.,https://captionsbest.blogspot.com/2012/07/life-has-surprises.html
You have to learn to Reject any rejection!,https://captionsbest.blogspot.com/2012/07/head-of-barclays-bank-resigns.html
You have to feel happy and comforatlbe with your work. Don't let anyone try to intimidate you.,https://captionsbest.blogspot.com/2012/07/that-is-not-me.html
"If you are not sure what you will do, sleep in it, and then you will know the answer!",https://captionsbest.blogspot.com/2012/07/stating-your-opinion.html
Be careful of the hot sun. It is not your friend!,https://captionsbest.blogspot.com/2012/06/family-reunion-in-sept.html
Families need to carve out the time to connect. It is fun and important.,https://captionsbest.blogspot.com/2012/06/family-reunion.html
I like new adventures,https://captionsbest.blogspot.com/2012/06/learning-about-e-books.html
Learn something new each day.,https://captionsbest.blogspot.com/2012/06/fun-monday-dancing-yoga-painting.html
Some sites can be confusing.,https://captionsbest.blogspot.com/2012/06/comments-have-new-system.html
Communication is the answer to many quesitons.,https://captionsbest.blogspot.com/2012/06/love-to-hear-from-my-readers.html
Research on any subject definitely pays off.,https://captionsbest.blogspot.com/2012/06/my-blog-has-many-new-readers.html
A hectic pace can wear you out. Rest when you can!,https://captionsbest.blogspot.com/2012/06/zumba-yoga-painting-and-rest.html
"Enjoy each day, you might as well.",https://captionsbest.blogspot.com/2012/06/fathers-day-was-fun.html
Allergies can really cause problems.,https://captionsbest.blogspot.com/2012/06/life-can-be-rollercoaster.html
Get protective shots if you think it makes good sense.,https://captionsbest.blogspot.com/2012/06/teaching-and-more-rain.html
What a treat to enjoy family fun in New York.,https://captionsbest.blogspot.com/2012/06/family-fun.html
Spending time with family is the highlight of this week. Love to all.,https://captionsbest.blogspot.com/2012/06/fun-times-with-family.html
New England weather changes constantly. You can go from winter to summer overnight.,https://captionsbest.blogspot.com/2012/06/rain-rain-go-away.html
Where is the sun?,https://captionsbest.blogspot.com/2012/06/rhode-island-is-rainiy-and-cold.html
Be glad when you have another birthday.,https://captionsbest.blogspot.com/2012/06/more-facebook-fun.html
Networking does pay off.,https://captionsbest.blogspot.com/2012/05/birthdays-on-facebook-af-fun.html
"I am very lucky to have three great adult,kids. !!!",https://captionsbest.blogspot.com/2012/05/glad-medical-tests-are-over.html
There are many ways to enjoy your day. Take advantage of interesting opportunities. You will meet some lovely people.,https://captionsbest.blogspot.com/2012/05/new-visitors-on-my-blog.html
New systems are confusing.,https://captionsbest.blogspot.com/2012/05/we-are-back-up-north.html
It is hard to protect yourself in this cyberworld.,https://captionsbest.blogspot.com/2012/05/privacy-is-thing-of-past.html
"Pick a job you love,and it won't seem like work. You should enjoy your job.",https://captionsbest.blogspot.com/2012/05/lunch-with-wonderful-student.html
Enjoy wherever you live. I like living in Florida and in Rhode Island. Both offer a good life style. I like teaching in both areas as well.,https://captionsbest.blogspot.com/2012/05/exercise-and-medical-apt.html
Time for the grandparents to reconnect with their families.,https://captionsbest.blogspot.com/2012/05/lunch-and-movie.html
Everyone has stuff that we do not need. Get rid of it!,https://captionsbest.blogspot.com/2012/05/social-time-before-relocating.html
Libraries have great sales. Reading is just one great hobby.,https://captionsbest.blogspot.com/2012/04/rainy-florida-day.html
Stay as a kid as long as possible. Enjoy your new friends and adventures.,https://captionsbest.blogspot.com/2012/04/nice-dinner-guests-and-fun-meeting.html
Relocating is fun after the work is completed. It takes time to move.,https://captionsbest.blogspot.com/2012/04/getting-reorganized-to-relocate.html
Don't take an exercise program with a 19 year old when you are way past 19.,https://captionsbest.blogspot.com/2012/04/exercise-lesson-ends.html
Exercising with air-conditioning is great to allergies.,https://captionsbest.blogspot.com/2012/04/fitness-membership-closing.html
Enjoy each new day.,https://captionsbest.blogspot.com/2012/04/getting-social.html
"Libraries are wonderful places. They offer the public so many great things to read, see , and enjoy.",https://captionsbest.blogspot.com/2012/04/reading-my-post-and-comments.html
"Winter camp for grandparents is nearly over. Next, we return to real world soon.",https://captionsbest.blogspot.com/2012/04/massage-and-shopping.html
People have been fighting in wars forever. Will they ever learn to get along with each other???,https://captionsbest.blogspot.com/2012/04/news-group-meets-and-discusses-current.html
"Folks do not realize it, but the loud rock music can wreck your hearing. Watch out!",https://captionsbest.blogspot.com/2012/04/tennis-party-and-morning-service.html
Condo living has its issues.,https://captionsbest.blogspot.com/2012/04/nice-dinner-guests-tonight.html
Privacy no longer exists in the world today.,https://captionsbest.blogspot.com/2012/04/new-movie-is-excellent.html
Use your dictionary to help you out spelling words.,https://captionsbest.blogspot.com/2012/04/dictionaries-are-helpful.html
Libraries are an important free facility for many of us. Too bad that many cities and towns have to cut back on library funds. So many folks enjoy our wonderful libraries.,https://captionsbest.blogspot.com/2012/04/libraries-are-wonderful-places.html
Your body definitely changes as you age.,https://captionsbest.blogspot.com/2012/04/getting-reorganized-for-may.html
Share your good books with others. They will enjoy reading them . Why not!,https://captionsbest.blogspot.com/2012/03/morning-seminar-and-afternoon-cleaning.html
Reading can take you any where you want to go. You don't even have to leave your home.,https://captionsbest.blogspot.com/2012/03/erramds-appointments-and-nice-nap.html
"If you have special needs, try to accommodate them!",https://captionsbest.blogspot.com/2012/03/fun-class-and-tennis-party.html
You sometmes need an engineer to operate all this new cyber equipment. I am not an engineer.,https://captionsbest.blogspot.com/2012/03/cell-phone-remedy.html
Connecting with family is important. Take the time to enjoy your family.,https://captionsbest.blogspot.com/2012/03/visit-with-cousin-in-palm-beach-gardens.html
"Try something new, it is always an adventure.",https://captionsbest.blogspot.com/2012/03/mapquest-will-not-print.html
Exercise helps us relax.,https://captionsbest.blogspot.com/2012/03/taxes-can-be-full-time-job.html
There are some days that include good times and not so good times. Hang loose Fancy Nancy!,https://captionsbest.blogspot.com/2012/03/roller-coaster-day.html
"Even when you try something new, it does not always work out.",https://captionsbest.blogspot.com/2012/03/meeting-was-fun-but-disappointting.html
By meeting super seniors you can learn a lot from them.,https://captionsbest.blogspot.com/2012/03/fun-lunch-at-aston-gardens.html
It pays to periodically meet with you boss to find out what he is looking for. Then you can try to fill the need.,https://captionsbest.blogspot.com/2012/03/interesting-meeting-to-plan-courses.html
"When bad things happen, make them work for you.",https://captionsbest.blogspot.com/2012/03/another-full-day.html
You never know what you will find at Good Will.,https://captionsbest.blogspot.com/2012/03/banks-now-have-identity-theft-insurance.html
You will never run out of errands.,https://captionsbest.blogspot.com/2012/03/fancy-nancy-enjoyed-movie-club-meeting.html
We all need to learn to protect ourselves from Identity Theft. It is a crime widespread!,https://captionsbest.blogspot.com/2012/03/fancy-nancy-is-meeting-with-banks.html
I now have a new career. Seminars on Fraud and Scams.,https://captionsbest.blogspot.com/2012/03/when-shit-happends-move-on.html
You have to make lemonade out of the lemons you get in life. I try to do just that!,https://captionsbest.blogspot.com/2012/03/new-hope-for-stomach.html
She will lose weight not eating. That is the only good part.,https://captionsbest.blogspot.com/2012/03/fancy-nancy-feeling-stomach-bug.html
Knowledge is power! Learn to protect yourself.,https://captionsbest.blogspot.com/2012/02/fancy-nancy-decides-to-run-seminars.html
"Anyone can be a victim. Beware , take care!",https://captionsbest.blogspot.com/2012/02/fancy-nancy-learns-about-fraud.html
Family and Friends make life wonderful. Enjoy them!,https://captionsbest.blogspot.com/2012/02/fun-visit-with-family.html
"Better safe than sorry.Before you sign any documents know what you are signing and if you don't know what to do, check with your trusted advisor . Fancy Nancy finds life confusing at times. There are scams out there, so protect yourself the best way you know how.",https://captionsbest.blogspot.com/2012/02/some-days-are-confusing.html
Everyone loves a bargain!,https://captionsbest.blogspot.com/2012/02/bargain-clothes-are-fun.html
Some mail is better than others.,https://captionsbest.blogspot.com/2012/02/confusing-letter-in-mail.html
It never hurts to ask. You never know the answer until you ask.,https://captionsbest.blogspot.com/2012/02/new-group-will-meet-in-march.html
Learn what is your problem and what is someone else's problem and don't get caught in the middle. A good lesson for all.,https://captionsbest.blogspot.com/2012/02/new-group-takes-off.html
Sometimes a new group can help find solutions to new issues.,https://captionsbest.blogspot.com/2012/02/new-couples-group-begins.html
Quick learning pays off.,https://captionsbest.blogspot.com/2012/02/quick-learning.html
Belive in yourself and think before you invest.,https://captionsbest.blogspot.com/2012/02/time-out-today-to-catch-up-and-relax.html
Life does have its challenges.,https://captionsbest.blogspot.com/2012/02/ever-day-is-new-adventure.html
"Enjoy an afternoon nap and when you wake up , you will feel like it is a new day.",https://captionsbest.blogspot.com/2012/02/dental-visit-seminar-and-no-class.html
Time to buy more balls for the football teams.,https://captionsbest.blogspot.com/2012/02/superbowl-is-on-now.html
People can be WONDERFUL. Many thanks to these two girls. I want to call them to send them a gift as well. They need to know how much I appreciated their help.,https://captionsbest.blogspot.com/2012/02/fancy-nancy-has-confusing-day.html
You are lucky when you have a caring doctor. Everyone needs one.,https://captionsbest.blogspot.com/2012/01/happy-fancy-nancy-is-getting-better.html
Sometimes you need to be your own doctor. Should I call myself Dr. Fancy Nancy?,https://captionsbest.blogspot.com/2012/01/fancy-nancy-has-medical-day.html
With luck the body parts will be pasted back together. Aging is not for sissies.,https://captionsbest.blogspot.com/2012/01/fabulous-time-with-lynn.html
Teaching has great benefits.,https://captionsbest.blogspot.com/2012/01/harry-fixed-my-frozen-blog.html
I just met a family from Norway and they get both maternity and paternity leaves for 5 weeks. Shall we all move to Norway?? No it is too cold in the winter.,https://captionsbest.blogspot.com/2012/01/working-at-chamber.html
AOL often has problems. Not a great server.,https://captionsbest.blogspot.com/2012/01/fancy-nancy-struggles-with-aol.html
There are times when it feels good to swear. Today was one of those times. Swearing is okay at times. Why not!,https://captionsbest.blogspot.com/2012/01/fancy-nancy-medical-day.html
It is so nice when you love your work.,https://captionsbest.blogspot.com/2012/01/fun-new-class.html
Nothing comes in life without some effort.,https://captionsbest.blogspot.com/2012/01/meeting-new-clients.html
It is fun to try a new adventure!,https://captionsbest.blogspot.com/2012/01/delightful-day-on-sanibel-and-captiva.html
"The price of a new car key is outrageous. Do we have a choice? No, not if you need a spare key. Wow!",https://captionsbest.blogspot.com/2012/01/new-car-key-costs-are-outrageous.html
Getting reorganized sometimes takes time and effort.The result is worth the work.,https://captionsbest.blogspot.com/2011/12/new-book-arrives-and-new-carpet-also.html
The librarian does not care if you return a book unread.,https://captionsbest.blogspot.com/2011/12/my-new-book-is-in-mail.html
"If you want to make money , don't plan on being a writer or an artist. Find a job that guarantees a paycheck!",https://captionsbest.blogspot.com/2011/12/new-books-at-bargain-box.html
"Sometimes it is nice to have a quiet holiday time. We loved seeing family earlier in the week.Fancy Nancy Says: Sometimes you have to celebrate every day, not just on a holidays. Amen!",https://captionsbest.blogspot.com/2011/12/quiet-xmas.html
"If you lose something, move on. You will probably find it at a later date. It is not worth struggling to find it.Fancy Nancy Says: If something is important, try to have a duplicate",https://captionsbest.blogspot.com/2011/12/chanber-work-day.html
You can find some good stuff at junk shops.,https://captionsbest.blogspot.com/2011/12/good-will-can-be-fun.html
It is so nice to know I have readers from all over.,https://captionsbest.blogspot.com/2011/12/welcome-to-my-new-readers.html
Completing a project makes you feel good.,https://captionsbest.blogspot.com/2011/12/snippets-is-being-printed.html
"If you lose something, don't panic, it may reappear when it is ready. PS Get two of everything.",https://captionsbest.blogspot.com/2011/12/finding-what-you-lost.html
Completing a goal feels good!,https://captionsbest.blogspot.com/2011/12/hooray-snippets-2-is-nearly-ready.html
Negotiating can be fun and save you money.,https://captionsbest.blogspot.com/2011/12/check-out-hotel-deals.html
"Don't let your computer get you crazy!I am adding a PS to this blog. For those of us who wear eyeglasses. Do you now need glasses to find your eyeglasses? I have many pairs, good ones and cheap ones and inevitably the one pair I need somehow gets lost. Fancy Nancy Says: Don't let your glasses get you nuts, find another pair for now and maybe the lost ones will return. They are for the moment in never never land.",https://captionsbest.blogspot.com/2011/12/computers-can-confuse.html
You never know what a new day will bring.,https://captionsbest.blogspot.com/2011/12/marcia-please-send-me-update.html
We are lucky when they can still fix our bodies.,https://captionsbest.blogspot.com/2011/12/medical-day.html
It pays to volunteer. You never know what you will get.,https://captionsbest.blogspot.com/2011/12/fun-new-volunteer-job.html
You don't always need competition to win.,https://captionsbest.blogspot.com/2011/12/have-any-of-you-tried-boric-acid-for.html
I am lucky to still be teaching.,https://captionsbest.blogspot.com/2011/12/90th-birthday-celebration.html
Nice to have things working again.,https://captionsbest.blogspot.com/2011/12/hooray-my-computer-got-fixed.html
Make the most of every day. Still waiting to get back my aol connection.,https://captionsbest.blogspot.com/2011/11/good-hearing-seminar.html
Watch your blood pressure. It can creep up unexpectedly.,https://captionsbest.blogspot.com/2011/11/lost-my-connection-to-aol.html
Don't give us on your health plan even during the holidays. Stay fit!,https://captionsbest.blogspot.com/2011/11/thanksgiving-day-is-near.html
It is fun to try new things. Happy Thanksgiving to all.,https://captionsbest.blogspot.com/2011/11/trying-la-fitness.html
"It is easier to concentrate on one thing at a time. Many of us multi-task, but that is when some mistakes can occur. Slow down and focus.",https://captionsbest.blogspot.com/2011/11/new-contacts-from-readers.html
Getting into a new routine takes some time and adaptation. Have patience with yourself.,https://captionsbest.blogspot.com/2011/11/getting-reorganized.html
"Life is a seasaw, just like the stock market it goes up and down. Balancing things out is a trick. I am still learning.",https://captionsbest.blogspot.com/2011/11/we-arrived-in-naples-florida.html
I must be a gypsy at heart. I love to travel and live different places. I always like the place I am in.,https://captionsbest.blogspot.com/2011/11/cleaning-out-food.html
"When the going gets tough, the tough get going! Hang in there USA!",https://captionsbest.blogspot.com/2011/11/heavy-rain.html
Never stop learning!,https://captionsbest.blogspot.com/2011/11/researching-library-degree_07.html
It pays to listen to your customers. They know what they want.,https://captionsbest.blogspot.com/2011/11/volunteer-job-ended-today.html
When I grow up I will know what I want to be. Right now it is fun to investigage new careers. I do love working.,https://captionsbest.blogspot.com/2011/11/tower-heist.html
"Plan now while you have the ability to think and act and get your estate organized. You are the best one to do that for your family. In the long run they will thank you for making their lives simpler . A crisis is not the time to think about an estate plan. Get professional advice . It is often money well- spent. It is also a tax deduction . Have the bill say, "" For estate planning"" and you can deduct the expense . "" Uncle Sam will help you pay the bill.",https://captionsbest.blogspot.com/2011/11/estate-planning.html
Don't count on the weather in New England. Just try to stay warm and dry.,https://captionsbest.blogspot.com/2011/10/winter-has-arrived.html
It often takes twice as much time to accomplish what you want. Many things that take place are beyond your control. Patience is a virtue.,https://captionsbest.blogspot.com/2011/10/women-and-finance-seminar.html
Enjoy the present and the now.,https://captionsbest.blogspot.com/2011/10/janes-birthday-visit.html
Take the time to get more than one opinion. You never know what you will learn. PS Social Security announced today there will be a 3.2 raise next year. I think it is because it is an election year. Lots of seniors will be happy. We had accounts frozen for two years.,https://captionsbest.blogspot.com/2011/10/meeting-diabetic-counselor.html
Hanging Loose Makes Sense. We can't always know what the future will hold.,https://captionsbest.blogspot.com/2011/10/still-getting-organized.html
Opportunity comes to those who look for it. Try something new and see what happens.,https://captionsbest.blogspot.com/2011/10/nice-surprise.html
Meet new people in your life. Your world will open up1,https://captionsbest.blogspot.com/2011/10/volunteering-at-chamber.html
"If you can't travel everwhere, stay home and find people coming to you.",https://captionsbest.blogspot.com/2011/10/meeting-people-from-different-countries.html
History can teach us lessons!,https://captionsbest.blogspot.com/2011/10/book-club-discussion-on-cleopatra.html
Treat yourself to fun things when you have tough times.,https://captionsbest.blogspot.com/2011/10/guarnteed-diet-plan.html
"As we age, we need fewer things! Give away what you don't need. You will have more room.",https://captionsbest.blogspot.com/2011/10/sunny-sunday.html
Take care of your health. You have only one body. Help it to work for you.,https://captionsbest.blogspot.com/2011/09/dental-surgery-and-instant-weight-loss.html
"Take care of your body, you only have one.",https://captionsbest.blogspot.com/2011/09/interview-fun-lunch-and-movie.html
Opportunity could be just around the corner. Don't miss it!,https://captionsbest.blogspot.com/2011/09/silver-sneakers-program-at-y.html
Interacting with the student is the way you get to know them. I wonder how a teacher can do it with a huge class???,https://captionsbest.blogspot.com/2011/09/fall-is-arriving.html
The new jobs plan won't cost us any more money. Perhaps he is a magician.,https://captionsbest.blogspot.com/2011/09/instructions-on-how-to-post-comment.html
Marketing is the key to sales and enrollment.,https://captionsbest.blogspot.com/2011/09/wonderful-weekend-with-family-and.html
Enjoy your family as often as you can. We loved having time with family.,https://captionsbest.blogspot.com/2011/09/need-instructions-on-how-to-write.html
Keep in touch and reconnect whenever you can. Time goes very quickly.,https://captionsbest.blogspot.com/2011/09/time-to-book-medical-appointments.html
Sometimes the weather can be tough. Glad Irene is gone.,https://captionsbest.blogspot.com/2011/08/fast-trip-to-quebec.html
Do what works at the time. You never know when opportunity will show up.,https://captionsbest.blogspot.com/2011/08/newport-before-storm.html
Is is right to write often!,https://captionsbest.blogspot.com/2011/08/we-are-due-for-storm.html
Maybe the US should take some new economic lessons.,https://captionsbest.blogspot.com/2011/08/seminar-proposal.html
"A fun cane makes using one a conversation piece. Then folks don't even ask why you are using a cane. If you know of someone in need of a fun cane, have them contact me at Nshu4@aol.com My canes are one of a kind. I have made piano canes, theater canes, polka dot canes - you name it, all kinds of fun canes.",https://captionsbest.blogspot.com/2011/08/another-rainy-wet-day.html
I am looking for fall coursses to see my plan in case teaching does not come through. Time will tell.,https://captionsbest.blogspot.com/2011/08/busy-day-at-chamber.html
"Connect today , not tomorrow. You will be glad you did.",https://captionsbest.blogspot.com/2011/08/network-now.html
It makes you feel good to help others.,https://captionsbest.blogspot.com/2011/08/fun-to-learn-of-new-readers.html
Simplify your life by cleaning out things you don't need.,https://captionsbest.blogspot.com/2011/08/good-week.html
Perhaps grandmothers should be running the treasury. They know how to save money.,https://captionsbest.blogspot.com/2011/08/wowwhat-crazy-market.html
"It is time for our government to fund the job market, not just the banks! They have had their turn. It did not help the job market. We need a change in policy.",https://captionsbest.blogspot.com/2011/08/busy-day-at-work.html
"Visiblity is key in sales efforts. Let folks see you , and maybe they will buy your book.",https://captionsbest.blogspot.com/2011/08/numbers-that-ring-bell.html
The best way to forget about your problem is to help someone else.,https://captionsbest.blogspot.com/2011/08/fun-day-with-good-friend.html
Be flexible and the ups and downs will be easier to take.,https://captionsbest.blogspot.com/2011/08/new-adventures.html
You are your best advocate. No one cares as much about your records as you do. Check them out!,https://captionsbest.blogspot.com/2011/08/keeping-track-of-records.html
Even the government must learn how to pay their bills before they commit to them.,https://captionsbest.blogspot.com/2011/07/welcome-to-my-new-readers.html
Take advantgage with a schedule change. Try to fit it something new!,https://captionsbest.blogspot.com/2011/07/changes-can-lead-to-opportunities.html
Learn as much as you can in advance about the company you wnat to work for.,https://captionsbest.blogspot.com/2011/07/two-nice-students-today.html
Write only one page for your resume. Condense it for easier reading.,https://captionsbest.blogspot.com/2011/07/dinner-guests-never-arrived.html
Thank Ben Franklin for developing the library system.,https://captionsbest.blogspot.com/2011/07/hot-and-humid-in-rhode-island.html
In today's recessionary economy you have to be an entrepreneur.,https://captionsbest.blogspot.com/2011/07/we-did-it.html
"A bird in the hand , is worth two in the bush. If you are owed something get it now, before it is gone. ( That is the problem with the pension funds. The money may be gone before the retirees get their fair share.)",https://captionsbest.blogspot.com/2011/07/map-shows-visitors-from-othe.html
My daughter will be glad that I am cleaning out my house.,https://captionsbest.blogspot.com/2011/07/cleaning-can-give-you-more-room.html
Enjoy your family while you can!,https://captionsbest.blogspot.com/2011/07/fun-newport-weekend.html
It never hurts to investigate different options.,https://captionsbest.blogspot.com/2011/07/nice-dinner-with-former-colleagues.html
Marketing is the key to sales. To sell anything you need publicity.,https://captionsbest.blogspot.com/2011/07/new-plan-for-teaching.html
"When you have a small house, get rid of the things you don't need. Your house will then get larger.",https://captionsbest.blogspot.com/2011/07/welcome-to-new-visitors.html
Balancing your life is not always easy to do!,https://captionsbest.blogspot.com/2011/07/fancy-nancy-in-transition.html
"If one thing does not work, try something else!",https://captionsbest.blogspot.com/2011/07/hearing-conference-day.html
Don't count on the weather or too much else. Life is not certain!,https://captionsbest.blogspot.com/2011/07/line-dancing-and-exercise.html
Teaching enrollment is often unpredictable. You never know if students will show up.,https://captionsbest.blogspot.com/2011/07/senior-center-events.html
Life is like the New England weather--- very unpredicatable.,https://captionsbest.blogspot.com/2011/07/welcome-to-my-new-blog-visitors.html
Live like a queen now and then!,https://captionsbest.blogspot.com/2011/07/wonderful-watch-hill-day.html
Never count your students until they actually arrive!,https://captionsbest.blogspot.com/2011/07/oops.html
"I hope nothing is bugging you, if so call the pest control company. They were great and came by noon that day.",https://captionsbest.blogspot.com/2011/07/what-is-bugging-you.html
Use your writing to clear your mind.,https://captionsbest.blogspot.com/2011/06/new-student-in-life-story-writing.html
"Everyone needs a day vacation ! Take one, it helps!",https://captionsbest.blogspot.com/2011/06/block-island-day-trip.html
Knowledge is power.,https://captionsbest.blogspot.com/2011/06/full-day-saturday.html
Look up when you are down.,https://captionsbest.blogspot.com/2011/06/wonderful-lunch-with-my-son-richard.html
"Respect Mother Nature, she always wins!",https://captionsbest.blogspot.com/2011/06/lovely-day-with-lynn.html
I am worn out.,https://captionsbest.blogspot.com/2011/06/fancy-nancy-is-on-overload.html
Hang in there!,https://captionsbest.blogspot.com/2011/06/interesting-connection.html
Writing helps to clear the mind. Keep writing!,https://captionsbest.blogspot.com/2011/06/very-helpful-driver.html
Nice naps work to heal the body and the mind.,https://captionsbest.blogspot.com/2011/06/trying-to-get-organized.html
At times you have to compliment yourself!,https://captionsbest.blogspot.com/2011/06/never-dull-moment.html
Goodnight!,https://captionsbest.blogspot.com/2011/06/what-crazy-week.html
"Take care of your body, it is the only one you will get.",https://captionsbest.blogspot.com/2011/05/hooray-for-fancy-nancy.html
"If one thing does not work, try another!.",https://captionsbest.blogspot.com/2011/05/strange-computer-problems.html
It never hurts to learn something new1,https://captionsbest.blogspot.com/2011/05/fun-full-day-with-student-and-scott.html
If you have good teeth you are lucky. Take good care of them. You don't want to be your dentist's pension plan.,https://captionsbest.blogspot.com/2011/05/dental-news.html
Remember your friends who might otherwise be alone on holidays. They need to be included .,https://captionsbest.blogspot.com/2011/05/happy-mothers-day-to-all.html
Learn to trade online and you won't go broke as fast!,https://captionsbest.blogspot.com/2011/05/fancy-nancy-learns-new-skill.html
Try to think nice things about those who have passed away.,https://captionsbest.blogspot.com/2011/05/memorial-service-for-friend.html
Take care of your body. You only have one!,https://captionsbest.blogspot.com/2011/05/our-bodies-keep-us-busy.html
It pays to adapt and be creative!,https://captionsbest.blogspot.com/2011/04/car-repair-and-good-movie.html
New folks open new options. It is fun to teach and meet lovely people who often become new friends.,https://captionsbest.blogspot.com/2011/04/getting-reorganized-for-relocation.html
I am lucky to have such wonderful students. We all become friends!,https://captionsbest.blogspot.com/2011/04/final-writing-class-for-season.html
"Florida is great in the winter, but oh those hot, humid days can be tough as we approach the summer. Time to relocate!",https://captionsbest.blogspot.com/2011/04/hot-humid-florida-weather.html
"If you have a plan to solve a problem it does help out. If one plan does not work, then go to the next plan. Don't give up!",https://captionsbest.blogspot.com/2011/04/happy-easter-to-all.html
Enjoy each day now!,https://captionsbest.blogspot.com/2011/04/lunch-with-friends.html
History provides many good lessons!,https://captionsbest.blogspot.com/2011/04/learing-new-skills-can-be-fun.html
Remember your family and friends every day.!!!,https://captionsbest.blogspot.com/2011/04/thanks-for-your-comments.html
Let me hear from you. Hope you enjoy a wonderful spring!,https://captionsbest.blogspot.com/2011/04/bravenet-map.html
Learning takes time. Practice makes perfect.,https://captionsbest.blogspot.com/2011/04/more-broker-interviews.html
"We don't know the future, but it never hurts to learn options now!",https://captionsbest.blogspot.com/2011/04/interesting-seminar.html
I hope you are lucky with your teeth. My teeth have always required many dental visits. My teeth are my diamonds. After I pay the dentist who can afford any other jewelry.,https://captionsbest.blogspot.com/2011/04/fun-class-and-dental-visits.html
"If you need help with writing a book or an article, send me an E-mail and I will try to connect with you. My E-mail is Nshu4@aol.com. You can also get a copy of my book HEARING LOSS AND WINNING SOLUTIONS using that same E-mail address. Hope this helps you out.",https://captionsbest.blogspot.com/2011/04/new-folks-can-be-interesting.html
"Listen to Mother Nature, She Always Wins!",https://captionsbest.blogspot.com/2011/04/mother-nature-always-wins.html
It pays to check out your broker before you sign on with any company.,https://captionsbest.blogspot.com/2011/04/contacting-finra.html
Do your homework before you select your bank and your broker. You will save money!,https://captionsbest.blogspot.com/2011/03/banks-and-brokers-need-review.html
"We all need two of everything. If you lose something or one thing does not work, then you have an immediate replacement.",https://captionsbest.blogspot.com/2011/03/fun-class-in-writing.html
Do the best you can with learning. Whatever you pick us is a bonus!,https://captionsbest.blogspot.com/2011/03/final-spanish-class.html
You never know what a new day will bring.,https://captionsbest.blogspot.com/2011/03/fancy-nancy-has-scary-day.html
You can always learn something new if you open your ears and listen1,https://captionsbest.blogspot.com/2011/03/wonderful-breakfast-overlooking-gulf-of.html
Your are lucky when you enjoy your work. Why not!,https://captionsbest.blogspot.com/2011/03/fun-last-class.html
"Be good to your body, it is the only one you have!",https://captionsbest.blogspot.com/2011/03/physical-therapy-and-common-sense.html
Bartering pays off . Folks did this years ago and now it is time to do it some more. It makes good sense.,https://captionsbest.blogspot.com/2011/03/learning-to-trade-online.html
"Mother Nature gives you a message. If you don't listen to your body, then you will not feel well. Fancy Nancy needs to listen!",https://captionsbest.blogspot.com/2011/03/listen-to-your-body.html
Tenacity is a wonderful gift in life. Tenacity leads to success! Go Rebecca!,https://captionsbest.blogspot.com/2011/03/fun-family-dinner.html
"Perk up your life and try something you have never done before. If it does not work out, so what! If it works, then you will have a new skill. I am doing just that. Let me know what you will try next.",https://captionsbest.blogspot.com/2011/03/new-trading-account.html
Our lives are a gift. Each day is a blessing!,https://captionsbest.blogspot.com/2011/03/enjoy-each-day.html
As we get older we start to lose our friends. It is hard to have that loss due to illness and old age. Enjoy your family and friends now. Time marches on too quickly.,https://captionsbest.blogspot.com/2011/03/spanish-interview-and-swim.html
We need to appreciate life when we are out of pain.,https://captionsbest.blogspot.com/2011/03/wonderful-massage-and-fun-lunch.html
"If is is going to be, it is up to me. Yes, I need to learn more to find out what will work for me, even if it does not work for the broker. This theory applies to many things in life. Do your homework.",https://captionsbest.blogspot.com/2011/03/learing-about-new-forms-of-investing.html
Count your blessings!,https://captionsbest.blogspot.com/2011/03/another-fun-teaching-day.html
"We need to rethink some of these ""Do it yourself programs"" . What happened to customer service??? Gone!",https://captionsbest.blogspot.com/2011/03/busy-day-banking-and-spanish.html
Enjoy every day . Each one counts!,https://captionsbest.blogspot.com/2011/03/book-order-arrived-today-nice-surprise.html
Your broker will help you go broke!,https://captionsbest.blogspot.com/2011/03/finding-accurate-broker-is-trick.html
"It does not matter if you win at a game, just enjoy playing.",https://captionsbest.blogspot.com/2011/03/fun-day-teaching.html
Start your tax work early. It will take more time than you realize.,https://captionsbest.blogspot.com/2011/03/hooray-delivered-my-tax-papers.html
"If you don't listen to your customer, the you lose the account.",https://captionsbest.blogspot.com/2011/02/flowers-by-blooms-today-rip-off.html
You better be nice to everyone. The ones you abused on the way up will again meet you on your way down.,https://captionsbest.blogspot.com/2011/02/tax-time-keeps-us-busy.html
"Eventually things work out, but it sure takes extra time when you are depending on things you can't control. Patience is a virute!",https://captionsbest.blogspot.com/2011/02/at-last-i-can-get-my-tax-letter.html
Achieving your goal takes both inspiration and prespiration. Both are needed. Tenacity counts and pays off.,https://captionsbest.blogspot.com/2011/02/fun-day-at-class.html
"You really have to continually update your job skills. Try taking Chinese and you will get a job. Adeios, I am taking Spanish.",https://captionsbest.blogspot.com/2011/02/beautiful-sunny-florida-day.html
"The doctor told me , "" Get rid of anger, it only hurts the one who is angry"". He is correct. Writing helps to unload emotions!",https://captionsbest.blogspot.com/2011/02/afternoon-with-writer.html
"Writing Gets Out Your Frustration . Even if you get no reply, you do feel better by putting things on paper. Try it!",https://captionsbest.blogspot.com/2011/02/merrill-lynch-makes-mess.html
"Give your sweetheart a kiss for Valentine's Day. Love, Fancy Nancy",https://captionsbest.blogspot.com/2011/02/tax-time-confusions.html
Not easy to find capable people to handle accounts.,https://captionsbest.blogspot.com/2011/02/success-at-last.html
"Preserverance pays, but it can tire you out!",https://captionsbest.blogspot.com/2011/02/i-may-have-solved-one-problem.html
"Use your brain, not your brawn!",https://captionsbest.blogspot.com/2011/02/fancy-nancy-requests-proof.html
Knowledge is power. Keep learning!,https://captionsbest.blogspot.com/2011/02/learning-new-computer-skills.html
"Keep good records and if all else fails, use your writing skills to protect yourself.",https://captionsbest.blogspot.com/2011/02/power-of-pen.html
Hang in there and keep plugging!,https://captionsbest.blogspot.com/2011/02/persistance-usually-pays.html
"The best person to monitor your money is YOU . Don't rely on your broker or your bank. They protect themselves, not you. If you need to complain, go to the right person in writing--- certified mail.",https://captionsbest.blogspot.com/2011/01/defend-your-rights.html
"Don't sweat the small stuff, and it is all small stuff.",https://captionsbest.blogspot.com/2011/01/simple-formula-for-getting-rid-of.html
We all need to inherit a gold mine in Alaska. That way the brokers and bankers will want our account. Small accounts are the new taboo!,https://captionsbest.blogspot.com/2011/01/how-stock-brockers-help-you-go-broke.html
All that glitters is not gold! There are lots of fakes! Beware!!!!,https://captionsbest.blogspot.com/2011/01/my-gold-mine-from-alaska.html
Be creative and dream! Your dream could become a reality!,https://captionsbest.blogspot.com/2011/01/class-today-was-fun.html
"You should make the best of every situation, even if you have to imagine or dream up a creative new idea. Hang in there, maybe I will win the lottery.?????",https://captionsbest.blogspot.com/2011/01/fancy-nancy-and-stock-broker-dilemna.html
My teeth are a gold mine for my dentists.,https://captionsbest.blogspot.com/2011/01/teaching-and-dentist.html
When you have nice company you don't think about the rain!,https://captionsbest.blogspot.com/2011/01/family-comes-to-dinner.html
Enjoy each day and live life to the fullest.,https://captionsbest.blogspot.com/2011/01/lovely-lunch-with-family-and-friends.html
We all need a day to relax and catch up with our lives.,https://captionsbest.blogspot.com/2011/01/hooray-it-is-saturday.html
There still are good deals if you shop around. Have fun at the consigment shops or the junk shops.,https://captionsbest.blogspot.com/2011/01/more-seinfelds-more-humor.html
"It takes time to work out new problems. One day at a time. In fact, take one minute at a time. That is easier than a whole day.",https://captionsbest.blogspot.com/2011/01/spanish-and-new-stock-broker.html
"Might as well laugh at what happens, otherwise you would be crying. Better to laugh at life!",https://captionsbest.blogspot.com/2011/01/my-seinfeld-medical-day.html
Sometimes it is wise to say No!,https://captionsbest.blogspot.com/2011/01/learning-to-say-no-thank-you.html
""" Buyer beware, do your homework and research!""",https://captionsbest.blogspot.com/2011/01/banking-and-massage.html
""" Seek and ye shall find"". It sometimes takes some looking !",https://captionsbest.blogspot.com/2011/01/i-think-i-have-found-answer.html
Nothing like a great nap ! Sometimes it beats exercise.,https://captionsbest.blogspot.com/2011/01/relaxing-sunday.html
Seek what you need and you will find it!,https://captionsbest.blogspot.com/2011/01/happy-2011-still-learning-about-photos.html
"Enjoy each day, and the New Year!",https://captionsbest.blogspot.com/2010/12/happy-new-year-meet-my-new-boyfriend.html
What will you work on to improve yourself for 2011? RSVP Thanks in advance.,https://captionsbest.blogspot.com/2010/12/new-years-resolutions.html
"Get a good chair to support your back and neck and get a good large screen. That will help to avoid back and neck problems from your computer work.That is exactly what Fancy Nancy has done this week. She has had neck and back problems and it was painful to sit at the computer. After some physical therapy, she decided it was time to make the computer time easier on her body.Fancy Nancy says: It pays to protect your health. There are good sales now on computer stuff. Happy Holidays.",https://captionsbest.blogspot.com/2010/12/fancy-nancy-has-new-computer-stuff.html
I am my dentist's and doctor's pension plan.,https://captionsbest.blogspot.com/2010/12/fancy-nancy-hits-medical-community.html
You may want to run a fun contest too!,https://captionsbest.blogspot.com/2010/11/fancy-nancy-creates-family-contest.html
Holidays productions can be fun.,https://captionsbest.blogspot.com/2010/11/miami-city-ballet.html
You can always learn something new ! Listen!,https://captionsbest.blogspot.com/2010/11/saturday-getting-organized.html
Enjoy and love your family and friends. They are Important!,https://captionsbest.blogspot.com/2010/11/november-is-birthday-month.html
Traveling can be most enlightening.,https://captionsbest.blogspot.com/2010/10/fancy-nancy-is-in-thousand-oaks-calif.html
It is good to keep connected to friends!,https://captionsbest.blogspot.com/2010/10/getting-lost-on-highway-111.html
"Be careful what you take in medication. Even though it does not require a prescription, meds can get your very sick. Happy to feel better now that I am off that pill.",https://captionsbest.blogspot.com/2010/10/fun-lunch-with-andrew.html
Both your mind and your body need exercise.,https://captionsbest.blogspot.com/2010/10/sun-arrived-welcome.html
Take time to enjoy the lovely colors of fall in the treees.,https://captionsbest.blogspot.com/2010/10/tai-chi-line-dancing-and-social-network.html
Do your homework now!,https://captionsbest.blogspot.com/2010/10/busy-day-updating-records.html
If you have good teeth take care of them You are lucky!,https://captionsbest.blogspot.com/2010/09/international-fans-and-dental-visits.html
Networking pays off!,https://captionsbest.blogspot.com/2010/09/teaching-ends-in-rhode-island.html
Do you research and don't believe what you may have been told. There is a lie in the word believe!,https://captionsbest.blogspot.com/2010/09/new-comments-encouraged.html
You can't control the weather!,https://captionsbest.blogspot.com/2010/09/good-miovie-to-see.html
Appreciate all your body parts that work!,https://captionsbest.blogspot.com/2010/09/teaching-will-end-soon.html
The New Year brings New Hope!,https://captionsbest.blogspot.com/2010/09/interesting-new-year-program.html
Travel while you can do it!!!,https://captionsbest.blogspot.com/2010/09/booked-tickets-to-california.html
Naps work for daytime renewed energy. I take them at 4pm. Why not!,https://captionsbest.blogspot.com/2010/09/fancy-nancy-enjoys-neighbors-for-dinner.html
"Work at what you enjoy, and you will succeed.",https://captionsbest.blogspot.com/2010/09/fun-class-today.html
Patience is a virtue.,https://captionsbest.blogspot.com/2010/09/fancy-nancy-fixes-body-parts.html
This too will pass!,https://captionsbest.blogspot.com/2010/09/lifes-little-frustrations.html
I hope we don't get a storm.,https://captionsbest.blogspot.com/2010/09/big-tree-is-now-gone.html
Save your paid legal bills!,https://captionsbest.blogspot.com/2010/08/fancy-nancy-finds-legal-errors.html
Relax and enjoy a good movie.,https://captionsbest.blogspot.com/2010/08/cute-movie.html
Hang loose!Good luck to Lynn . Hope she feels okay.,https://captionsbest.blogspot.com/2010/08/confusion-comes-with-change.html
You can never count on the weather!,https://captionsbest.blogspot.com/2010/08/rainy-windy-monday.html
It is always nice to celebrate Happy Times,https://captionsbest.blogspot.com/2010/08/fun-80th-birthday-party.html
Vacations can restore the mind and the body.,https://captionsbest.blogspot.com/2010/08/traveling-can-restore-soul.html
Define your problem before you find a solution. Make sure you own the problem.,https://captionsbest.blogspot.com/2010/08/analyzing-problems.html
You are your best advocate!,https://captionsbest.blogspot.com/2010/08/you-are-your-best-advocate.html
"Work at what you enjoy, and you will be a success!",https://captionsbest.blogspot.com/2010/08/rebecca-smith.html
Miracles Do Happen!,https://captionsbest.blogspot.com/2010/08/miracles-do-happen.html
Writing Can Pay Great Benefits!,https://captionsbest.blogspot.com/2010/08/writng-does-payoff.html
Children often see what adults neglect!,https://captionsbest.blogspot.com/2010/08/grandkids-stories.html
Sometimes we need discpline to produce !,https://captionsbest.blogspot.com/2010/07/fancy-nancy-enjoys-her-teaching.html
Sometimes our technology gets sick.,https://captionsbest.blogspot.com/2010/07/air-conditioner-is-sick.html
Think before you buy. Do you really need what you are buying?,https://captionsbest.blogspot.com/2010/07/nearly-3000-hits.html
Simplify your life and throw out the clutter. You don't need it!,https://captionsbest.blogspot.com/2010/07/try-this-fun-project.html
It will be nice when the weather gets cooler.,https://captionsbest.blogspot.com/2010/07/life-story-class-meets-on-wednesdays.html
"Hang in there, things can work out after all!",https://captionsbest.blogspot.com/2010/07/life-story-class-went-well.html
Keep cool!,https://captionsbest.blogspot.com/2010/07/lousy-movie.html
"Keep you cool,inspite of the weather.",https://captionsbest.blogspot.com/2010/07/teaching-again-with-no-real-classroom.html
Make the best of each new day. Life has its surprises!,https://captionsbest.blogspot.com/2010/05/jake-shuster-and-surprise-visit.html
"Have fun every day, not just on your bithday. Life is a daily event!",https://captionsbest.blogspot.com/2010/05/fancy-nancy-offers-course.html
Not fun being sick!,https://captionsbest.blogspot.com/2010/05/fancy-nancy-is-laying-low.html
Check out your bank charges. They are adding fees.,https://captionsbest.blogspot.com/2010/05/new-bank-proposals.html
Do your homework before you buy! Research pays off.,https://captionsbest.blogspot.com/2010/04/new-information-about-real-estate.html
I do love teaching and creating new programs is fun.,https://captionsbest.blogspot.com/2010/03/writing-class-has-some-great-students.html
